/*Account classes*/
INSERT INTO public.n_account_class (enabled, is_system_critical, created_at, modified_at, created_by, description, id, modified_by, name) VALUES (true, true, '2025-09-12 15:15:08.299484', '2025-09-12 15:15:08.299484', 'SYSTEM', 'Income generated from business operations including room revenue, service charges, and other operating income sources.', 'db17a7ee-30d0-4b4f-97b3-5cd12286c7cc', 'SYSTEM', 'revenue');
INSERT INTO public.n_account_class (enabled, is_system_critical, created_at, modified_at, created_by, description, id, modified_by, name) VALUES (true, true, '2025-09-12 15:15:08.317084', '2025-09-12 15:15:08.317084', 'SYSTEM', 'Transaction that settle a guest''s bill, including deposits. This class covers cash, credit cards, and bank transfers.', 'a55b6d1b-a791-4a36-b0d2-1e0cd56f4ee4', 'SYSTEM', 'payment');
INSERT INTO public.n_account_class (enabled, is_system_critical, created_at, modified_at, created_by, description, id, modified_by, name) VALUES (true, true, '2025-09-12 15:15:08.319960', '2025-09-12 15:15:08.319960', 'SYSTEM', 'For all taxes collected on behalf of government entities. This class is used for generating specific tax reports for financial remittance.', '0fca0d53-86b9-42a2-9794-4e45dc2a6de4', 'SYSTEM', 'tax');
INSERT INTO public.n_account_class (enabled, is_system_critical, created_at, modified_at, created_by, description, id, modified_by, name) VALUES (true, true, '2025-09-12 15:15:08.323865', '2025-09-12 15:15:08.323865', 'SYSTEM', 'Bundled income before it''s broken down into its revenue components (e.g., room and breakfast). It has a net-zero financial effect and is used for internal auditing, often hidden from the guest''s bill.', '91855125-14ae-4419-a718-68293c9cee34', 'SYSTEM', 'package');

/*Ledger Groups*/
INSERT INTO public.x_ledger_group (enabled, created_at, modified_at, name, created_by, description, id, modified_by, parent_id) VALUES (true, '2025-09-20 01:03:52.845115', '2025-09-20 01:03:52.845115', 'Rooms', '0727ed40-7bb9-407b-9eee-bb5e37527a88-Hamza HABCHI', 'Revenue from room sales', '83a83ee9-c64d-4a4f-a95d-76644f7454c8', '0727ed40-7bb9-407b-9eee-bb5e37527a88-Hamza HABCHI', null);
INSERT INTO public.x_ledger_group (enabled, created_at, modified_at, name, created_by, description, id, modified_by, parent_id) VALUES (true, '2025-09-20 01:04:11.892436', '2025-09-20 01:04:11.892436', 'F&B', '0727ed40-7bb9-407b-9eee-bb5e37527a88-Hamza HABCHI', 'Food & Beverage Revenue', 'bbdb518f-2b5c-48eb-bebc-5b42a6eb2faa', '0727ed40-7bb9-407b-9eee-bb5e37527a88-Hamza HABCHI', null);
INSERT INTO public.x_ledger_group (enabled, created_at, modified_at, name, created_by, description, id, modified_by, parent_id) VALUES (true, '2025-09-20 01:04:51.472154', '2025-09-20 01:04:51.472154', 'Other Services', '0727ed40-7bb9-407b-9eee-bb5e37527a88-Hamza HABCHI', 'Revenue from non-F&B services', '84164442-def5-4816-b52a-dbe168e6d3bc', '0727ed40-7bb9-407b-9eee-bb5e37527a88-Hamza HABCHI', null);
INSERT INTO public.x_ledger_group (enabled, created_at, modified_at, name, created_by, description, id, modified_by, parent_id) VALUES (true, '2025-09-20 01:05:07.433399', '2025-09-20 01:05:07.433399', 'Fees & Charges', '0727ed40-7bb9-407b-9eee-bb5e37527a88-Hamza HABCHI', 'Revenue from miscellaneous fees', '577541f0-9ee4-461b-bef3-9baac383c3d0', '0727ed40-7bb9-407b-9eee-bb5e37527a88-Hamza HABCHI', null);
INSERT INTO public.x_ledger_group (enabled, created_at, modified_at, name, created_by, description, id, modified_by, parent_id) VALUES (true, '2025-09-20 01:05:31.488891', '2025-09-20 01:05:31.488891', 'Taxes', '0727ed40-7bb9-407b-9eee-bb5e37527a88-Hamza HABCHI', 'For collecting other taxes', '1400fab9-645c-4259-9954-e916f288bfd0', '0727ed40-7bb9-407b-9eee-bb5e37527a88-Hamza HABCHI', null);
INSERT INTO public.x_ledger_group (enabled, created_at, modified_at, name, created_by, description, id, modified_by, parent_id) VALUES (true, '2025-09-20 01:05:59.773637', '2025-09-20 01:05:59.773637', 'Room Revenue', '0727ed40-7bb9-407b-9eee-bb5e37527a88-Hamza HABCHI', null, '5c51a3fc-6939-40d7-91e9-a5d9fe2ce9f2', '0727ed40-7bb9-407b-9eee-bb5e37527a88-Hamza HABCHI', '83a83ee9-c64d-4a4f-a95d-76644f7454c8');
INSERT INTO public.x_ledger_group (enabled, created_at, modified_at, name, created_by, description, id, modified_by, parent_id) VALUES (true, '2025-09-20 01:06:22.261429', '2025-09-20 01:06:22.261429', 'Breakfast', '0727ed40-7bb9-407b-9eee-bb5e37527a88-Hamza HABCHI', null, 'f8f558e5-478a-4d61-a0af-b16b5ca4be84', '0727ed40-7bb9-407b-9eee-bb5e37527a88-Hamza HABCHI', 'bbdb518f-2b5c-48eb-bebc-5b42a6eb2faa');
INSERT INTO public.x_ledger_group (enabled, created_at, modified_at, name, created_by, description, id, modified_by, parent_id) VALUES (true, '2025-09-20 01:06:59.555219', '2025-09-20 01:06:59.555219', 'Mini Bar', '0727ed40-7bb9-407b-9eee-bb5e37527a88-Hamza HABCHI', null, '0085732a-b97d-4f94-9746-89e6fdb58f87', '0727ed40-7bb9-407b-9eee-bb5e37527a88-Hamza HABCHI', 'bbdb518f-2b5c-48eb-bebc-5b42a6eb2faa');
INSERT INTO public.x_ledger_group (enabled, created_at, modified_at, name, created_by, description, id, modified_by, parent_id) VALUES (true, '2025-09-20 01:07:13.481991', '2025-09-20 01:07:13.481991', 'Fitness', '0727ed40-7bb9-407b-9eee-bb5e37527a88-Hamza HABCHI', null, 'e0c45484-5164-40fa-bcb6-cb0523a73677', '0727ed40-7bb9-407b-9eee-bb5e37527a88-Hamza HABCHI', '84164442-def5-4816-b52a-dbe168e6d3bc');
INSERT INTO public.x_ledger_group (enabled, created_at, modified_at, name, created_by, description, id, modified_by, parent_id) VALUES (true, '2025-09-20 01:07:21.373001', '2025-09-20 01:07:21.373001', 'Parking', '0727ed40-7bb9-407b-9eee-bb5e37527a88-Hamza HABCHI', null, '5bfd3102-7e61-4d71-970d-8696036d7d71', '0727ed40-7bb9-407b-9eee-bb5e37527a88-Hamza HABCHI', '84164442-def5-4816-b52a-dbe168e6d3bc');
INSERT INTO public.x_ledger_group (enabled, created_at, modified_at, name, created_by, description, id, modified_by, parent_id) VALUES (true, '2025-09-20 01:07:37.455111', '2025-09-20 01:07:37.455111', 'Cancellation', '0727ed40-7bb9-407b-9eee-bb5e37527a88-Hamza HABCHI', null, 'b6836b6c-f2da-4903-a002-4333d7f8ffc4', '0727ed40-7bb9-407b-9eee-bb5e37527a88-Hamza HABCHI', '577541f0-9ee4-461b-bef3-9baac383c3d0');
INSERT INTO public.x_ledger_group (enabled, created_at, modified_at, name, created_by, description, id, modified_by, parent_id) VALUES (true, '2025-09-20 01:07:45.670408', '2025-09-20 01:07:45.670408', 'Smoking', '0727ed40-7bb9-407b-9eee-bb5e37527a88-Hamza HABCHI', null, '9580dd6d-527e-4d40-96a9-b394a90d395b', '0727ed40-7bb9-407b-9eee-bb5e37527a88-Hamza HABCHI', '577541f0-9ee4-461b-bef3-9baac383c3d0');
INSERT INTO public.x_ledger_group (enabled, created_at, modified_at, name, created_by, description, id, modified_by, parent_id) VALUES (true, '2025-09-20 01:08:15.422921', '2025-09-20 01:08:15.422921', 'City Tax', '0727ed40-7bb9-407b-9eee-bb5e37527a88-Hamza HABCHI', null, '5c4801dc-90d3-4ed9-a7f7-5f3cf2c4da86', '0727ed40-7bb9-407b-9eee-bb5e37527a88-Hamza HABCHI', '1400fab9-645c-4259-9954-e916f288bfd0');
INSERT INTO public.x_ledger_group (enabled, created_at, modified_at, name, created_by, description, id, modified_by, parent_id) VALUES (true, '2025-09-20 01:10:06.540129', '2025-09-20 01:10:06.540129', 'Spa & Wellness', '0727ed40-7bb9-407b-9eee-bb5e37527a88-Hamza HABCHI', null, '693090ac-7340-42cd-93d9-7f203f4a8039', '0727ed40-7bb9-407b-9eee-bb5e37527a88-Hamza HABCHI', '84164442-def5-4816-b52a-dbe168e6d3bc');
INSERT INTO public.x_ledger_group (enabled, created_at, modified_at, name, created_by, description, id, modified_by, parent_id) VALUES (true, '2025-09-20 01:16:56.576911', '2025-09-20 01:16:56.576911', 'Dinner', '0727ed40-7bb9-407b-9eee-bb5e37527a88-Hamza HABCHI', null, '666264ec-6513-4ab4-bef6-10ac0d3fbd1a', '0727ed40-7bb9-407b-9eee-bb5e37527a88-Hamza HABCHI', 'bbdb518f-2b5c-48eb-bebc-5b42a6eb2faa');
INSERT INTO public.x_ledger_group (enabled, created_at, modified_at, name, created_by, description, id, modified_by, parent_id) VALUES (true, '2025-09-20 01:17:05.636842', '2025-09-20 01:17:05.636842', 'Lunch', '0727ed40-7bb9-407b-9eee-bb5e37527a88-Hamza HABCHI', null, '364aa997-7941-4e83-a441-ee766258454a', '0727ed40-7bb9-407b-9eee-bb5e37527a88-Hamza HABCHI', 'bbdb518f-2b5c-48eb-bebc-5b42a6eb2faa');

/*Vat Rules*/
INSERT INTO public.n_vat_rule (amount, enabled, created_at, modified_at, created_by, id, modified_by, amount_type, application, description, name) VALUES (20.00, true, '2025-09-12 15:15:32.740317', '2025-09-12 15:15:32.740317', '4c347895-62b3-4350-b9de-66bc7b978d9f-Hamza HABCHI', 'c717c380-daef-439e-be67-9fb47e423fe1', '4c347895-62b3-4350-b9de-66bc7b978d9f-Hamza HABCHI', 'PERCENT', 'EXCLUSIVE', 'Applies to most goods and services.', 'VAT 20');
INSERT INTO public.n_vat_rule (amount, enabled, created_at, modified_at, created_by, id, modified_by, amount_type, application, description, name) VALUES (14.00, true, '2025-09-12 15:16:20.543745', '2025-09-12 15:16:20.543745', '4c347895-62b3-4350-b9de-66bc7b978d9f-Hamza HABCHI', 'bdda073d-0b77-4673-bff7-85fe2bb79431', '4c347895-62b3-4350-b9de-66bc7b978d9f-Hamza HABCHI', 'PERCENT', 'EXCLUSIVE', 'Applies to passenger and goods transport', 'VAT 14');
INSERT INTO public.n_vat_rule (amount, enabled, created_at, modified_at, created_by, id, modified_by, amount_type, application, description, name) VALUES (10.00, true, '2025-09-12 15:16:55.522275', '2025-09-12 15:16:55.522275', '4c347895-62b3-4350-b9de-66bc7b978d9f-Hamza HABCHI', '1ac7db40-7697-4597-9701-47657dba8c71', '4c347895-62b3-4350-b9de-66bc7b978d9f-Hamza HABCHI', 'PERCENT', 'EXCLUSIVE', 'Applies to the sale of food or beverages for on-site consumption, as well as accommodation services provided by hotels hosting travelers', 'VAT 10');
INSERT INTO public.n_vat_rule (amount, enabled, created_at, modified_at, created_by, id, modified_by, amount_type, application, description, name) VALUES (7.00, true, '2025-09-12 15:17:34.031463', '2025-09-12 15:17:34.031463', '4c347895-62b3-4350-b9de-66bc7b978d9f-Hamza HABCHI', '0e909474-04fd-4683-991c-1625f86853cf', '4c347895-62b3-4350-b9de-66bc7b978d9f-Hamza HABCHI', 'PERCENT', 'EXCLUSIVE', 'Applies to most water and electricity bills, pharmaceutical products, and school supplies', 'VAT 7');

/*Posting Account*/
INSERT INTO public.n_posting_accounts (enabled, created_at, modified_at, account_class_id, code, created_by, description, id, ledger_group_id, modified_by, name, sub_ledger_subgroup_id, vat_rule_id) VALUES (true, '2025-09-20 01:11:10.669777', '2025-09-20 01:11:10.669777', 'db17a7ee-30d0-4b4f-97b3-5cd12286c7cc', '4001', '0727ed40-7bb9-407b-9eee-bb5e37527a88-Hamza HABCHI', 'Income from nightly room sales.', '01ad30ee-84ce-47f0-a627-ce4b4d775d95', '83a83ee9-c64d-4a4f-a95d-76644f7454c8', '0727ed40-7bb9-407b-9eee-bb5e37527a88-Hamza HABCHI', 'Room Nights', '5c51a3fc-6939-40d7-91e9-a5d9fe2ce9f2', '1ac7db40-7697-4597-9701-47657dba8c71');
INSERT INTO public.n_posting_accounts (enabled, created_at, modified_at, account_class_id, code, created_by, description, id, ledger_group_id, modified_by, name, sub_ledger_subgroup_id, vat_rule_id) VALUES (true, '2025-09-20 01:19:52.662629', '2025-09-20 01:19:52.662629', 'db17a7ee-30d0-4b4f-97b3-5cd12286c7cc', '4101', '0727ed40-7bb9-407b-9eee-bb5e37527a88-Hamza HABCHI', null, '0a91ef11-a8cf-438e-ba28-0d480a09fab7', 'bbdb518f-2b5c-48eb-bebc-5b42a6eb2faa', '0727ed40-7bb9-407b-9eee-bb5e37527a88-Hamza HABCHI', 'Breakfast Buffet', 'f8f558e5-478a-4d61-a0af-b16b5ca4be84', '1ac7db40-7697-4597-9701-47657dba8c71');
INSERT INTO public.n_posting_accounts (enabled, created_at, modified_at, account_class_id, code, created_by, description, id, ledger_group_id, modified_by, name, sub_ledger_subgroup_id, vat_rule_id) VALUES (true, '2025-09-20 01:20:35.778974', '2025-09-20 01:20:35.778974', 'db17a7ee-30d0-4b4f-97b3-5cd12286c7cc', '4102', '0727ed40-7bb9-407b-9eee-bb5e37527a88-Hamza HABCHI', null, '45167792-1592-42b8-a179-3e82f50db9c6', 'bbdb518f-2b5c-48eb-bebc-5b42a6eb2faa', '0727ed40-7bb9-407b-9eee-bb5e37527a88-Hamza HABCHI', 'Breakfast A La Carte', 'f8f558e5-478a-4d61-a0af-b16b5ca4be84', '1ac7db40-7697-4597-9701-47657dba8c71');
INSERT INTO public.n_posting_accounts (enabled, created_at, modified_at, account_class_id, code, created_by, description, id, ledger_group_id, modified_by, name, sub_ledger_subgroup_id, vat_rule_id) VALUES (true, '2025-09-20 01:22:33.080564', '2025-09-20 01:22:33.080564', 'db17a7ee-30d0-4b4f-97b3-5cd12286c7cc', '4103', '0727ed40-7bb9-407b-9eee-bb5e37527a88-Hamza HABCHI', null, 'f5b1d237-fc6b-4cc6-91a8-c1c6bb2bba2e', 'bbdb518f-2b5c-48eb-bebc-5b42a6eb2faa', '0727ed40-7bb9-407b-9eee-bb5e37527a88-Hamza HABCHI', 'Lunch Buffet', '364aa997-7941-4e83-a441-ee766258454a', '1ac7db40-7697-4597-9701-47657dba8c71');
INSERT INTO public.n_posting_accounts (enabled, created_at, modified_at, account_class_id, code, created_by, description, id, ledger_group_id, modified_by, name, sub_ledger_subgroup_id, vat_rule_id) VALUES (true, '2025-09-20 01:22:58.474500', '2025-09-20 01:22:58.474500', 'db17a7ee-30d0-4b4f-97b3-5cd12286c7cc', '4104', '0727ed40-7bb9-407b-9eee-bb5e37527a88-Hamza HABCHI', null, '0d5d7ca9-892c-4aea-bba4-8ccb5566fdc9', 'bbdb518f-2b5c-48eb-bebc-5b42a6eb2faa', '0727ed40-7bb9-407b-9eee-bb5e37527a88-Hamza HABCHI', 'Lunch A La Carte', '364aa997-7941-4e83-a441-ee766258454a', '1ac7db40-7697-4597-9701-47657dba8c71');
INSERT INTO public.n_posting_accounts (enabled, created_at, modified_at, account_class_id, code, created_by, description, id, ledger_group_id, modified_by, name, sub_ledger_subgroup_id, vat_rule_id) VALUES (true, '2025-09-20 01:23:28.484152', '2025-09-20 01:23:28.484152', 'db17a7ee-30d0-4b4f-97b3-5cd12286c7cc', '4105', '0727ed40-7bb9-407b-9eee-bb5e37527a88-Hamza HABCHI', null, 'b437dd83-c5e1-46e6-8a64-71c53b45226a', 'bbdb518f-2b5c-48eb-bebc-5b42a6eb2faa', '0727ed40-7bb9-407b-9eee-bb5e37527a88-Hamza HABCHI', 'Dinner Buffet', '666264ec-6513-4ab4-bef6-10ac0d3fbd1a', '1ac7db40-7697-4597-9701-47657dba8c71');
INSERT INTO public.n_posting_accounts (enabled, created_at, modified_at, account_class_id, code, created_by, description, id, ledger_group_id, modified_by, name, sub_ledger_subgroup_id, vat_rule_id) VALUES (true, '2025-09-20 01:23:59.951015', '2025-09-20 01:23:59.951015', 'db17a7ee-30d0-4b4f-97b3-5cd12286c7cc', '4106', '0727ed40-7bb9-407b-9eee-bb5e37527a88-Hamza HABCHI', null, '00afe9d5-7c0c-4ed4-91dc-79758ee23726', 'bbdb518f-2b5c-48eb-bebc-5b42a6eb2faa', '0727ed40-7bb9-407b-9eee-bb5e37527a88-Hamza HABCHI', 'Dinner A La Carte', '666264ec-6513-4ab4-bef6-10ac0d3fbd1a', '1ac7db40-7697-4597-9701-47657dba8c71');
INSERT INTO public.n_posting_accounts (enabled, created_at, modified_at, account_class_id, code, created_by, description, id, ledger_group_id, modified_by, name, sub_ledger_subgroup_id, vat_rule_id) VALUES (true, '2025-09-20 01:25:24.845283', '2025-09-20 01:25:24.845283', 'db17a7ee-30d0-4b4f-97b3-5cd12286c7cc', '4201', '0727ed40-7bb9-407b-9eee-bb5e37527a88-Hamza HABCHI', null, '1fa75416-b8b7-43af-bfff-091480dc8020', '84164442-def5-4816-b52a-dbe168e6d3bc', '0727ed40-7bb9-407b-9eee-bb5e37527a88-Hamza HABCHI', 'Finess Center Access', 'e0c45484-5164-40fa-bcb6-cb0523a73677', 'c717c380-daef-439e-be67-9fb47e423fe1');
INSERT INTO public.n_posting_accounts (enabled, created_at, modified_at, account_class_id, code, created_by, description, id, ledger_group_id, modified_by, name, sub_ledger_subgroup_id, vat_rule_id) VALUES (true, '2025-09-20 01:26:15.237745', '2025-09-20 01:26:15.237745', 'db17a7ee-30d0-4b4f-97b3-5cd12286c7cc', '4202', '0727ed40-7bb9-407b-9eee-bb5e37527a88-Hamza HABCHI', null, 'ae8e2222-0dc4-40d9-8d89-454d0d463d8d', '84164442-def5-4816-b52a-dbe168e6d3bc', '0727ed40-7bb9-407b-9eee-bb5e37527a88-Hamza HABCHI', 'Spa Revenue', '693090ac-7340-42cd-93d9-7f203f4a8039', 'c717c380-daef-439e-be67-9fb47e423fe1');
INSERT INTO public.n_posting_accounts (enabled, created_at, modified_at, account_class_id, code, created_by, description, id, ledger_group_id, modified_by, name, sub_ledger_subgroup_id, vat_rule_id) VALUES (true, '2025-09-20 01:12:42.682293', '2025-09-20 01:12:42.682293', 'db17a7ee-30d0-4b4f-97b3-5cd12286c7cc', '4301', '0727ed40-7bb9-407b-9eee-bb5e37527a88-Hamza HABCHI', null, '45fce019-dc70-42df-b9a9-3894d14d9010', '1400fab9-645c-4259-9954-e916f288bfd0', '0727ed40-7bb9-407b-9eee-bb5e37527a88-Hamza HABCHI', 'City Tourist Tax', '5c4801dc-90d3-4ed9-a7f7-5f3cf2c4da86', null);
INSERT INTO public.n_posting_accounts (enabled, created_at, modified_at, account_class_id, code, created_by, description, id, ledger_group_id, modified_by, name, sub_ledger_subgroup_id, vat_rule_id) VALUES (true, '2025-09-20 01:14:06.233877', '2025-09-20 01:15:34.518062', 'db17a7ee-30d0-4b4f-97b3-5cd12286c7cc', '4401', '0727ed40-7bb9-407b-9eee-bb5e37527a88-Hamza HABCHI', 'Penalties applied for smoking violations in non-smoking rooms.', '424acb59-406d-4ab1-9964-1493ca5c1db6', '577541f0-9ee4-461b-bef3-9baac383c3d0', '0727ed40-7bb9-407b-9eee-bb5e37527a88-Hamza HABCHI', 'Smoking Penality', '9580dd6d-527e-4d40-96a9-b394a90d395b', null);
INSERT INTO public.n_posting_accounts (enabled, created_at, modified_at, account_class_id, code, created_by, description, id, ledger_group_id, modified_by, name, sub_ledger_subgroup_id, vat_rule_id) VALUES (true, '2025-09-20 01:15:05.538485', '2025-09-20 01:15:05.538485', 'db17a7ee-30d0-4b4f-97b3-5cd12286c7cc', '4402', '0727ed40-7bb9-407b-9eee-bb5e37527a88-Hamza HABCHI', 'Income from cancellation or no-show penalties charged to guests.', '5b83168b-2460-4447-b9ae-8db03c8ed962', '577541f0-9ee4-461b-bef3-9baac383c3d0', '0727ed40-7bb9-407b-9eee-bb5e37527a88-Hamza HABCHI', 'Cancellation Fee', 'b6836b6c-f2da-4903-a002-4333d7f8ffc4', null);
INSERT INTO public.n_posting_accounts (enabled, created_at, modified_at, account_class_id, code, created_by, description, id, ledger_group_id, modified_by, name, sub_ledger_subgroup_id, vat_rule_id) VALUES (true, '2025-09-20 01:57:06.705326', '2025-09-20 01:57:06.705326', 'db17a7ee-30d0-4b4f-97b3-5cd12286c7cc', '4203', '0727ed40-7bb9-407b-9eee-bb5e37527a88-Hamza HABCHI', null, 'dc4abe57-0072-48e5-97ad-d916ef81f49a', '84164442-def5-4816-b52a-dbe168e6d3bc', '0727ed40-7bb9-407b-9eee-bb5e37527a88-Hamza HABCHI', 'Parking Spot', '5bfd3102-7e61-4d71-970d-8696036d7d71', 'c717c380-daef-439e-be67-9fb47e423fe1');





